Workbook

Sheet Instructions
A1: Genie Space Evaluation Scoring Template — Instructions
B2: Purpose | C2: This workbook contains three scoring sheets: Layer 2 SME Review, Layer 3 Business User Pilot, and a Developer Summary that automatically calculates threshold results. Distribute the correct sheet to each evaluator type.
B3: Who fills what | C3: Layer 2 sheet → Domain SMEs (offline, one sheet per reviewer). Layer 3 sheet → Business user testers (one sheet per tester). Developer Summary → Developer only — do not distribute to reviewers or testers.
B4: How to score | C4: Enter scores in the yellow input cells only. All other cells are calculated automatically. Use the dropdown lists provided — do not type scores directly. The anchor card for each dimension is printed on the scoring sheet. Score each response immediately after reading it — not in batch.
B5: Risk tier | C5: Set the risk tier on each sheet (cell C4). The threshold table will update automatically to show the correct thresholds for the selected tier. Risk tier must be set before evaluation begins and cannot be changed after scores are entered.
B6: Written rationale | C6: Any score of 1 or 2 on any dimension requires written rationale in the Notes column. The Developer Summary will flag missing rationale. Do not submit incomplete scoring packets.
B7: Developer Summary | C7: The Developer Summary sheet pulls scores from all reviewer sheets and calculates per-dimension pass rates and gate results automatically. The developer should not modify reviewer sheets after they are submitted.
B8: Evidence package | C8: Save a copy of this workbook as the scored evaluation evidence. File name convention: [SpaceName]_Layer[2or3]_Evaluation_[YYYYMMDD].xlsx

Sheet Layer 2 — SME Review
A1: Layer 2 — SME Structured Review Scoring Sheet
A2: Reviewer name: | D2: Role / title: | G2: Date:
A3: Space name: | D3: Evaluation date:
A4: Risk tier: | B4: Medium
A5: MEDIUM RISK THRESHOLDS: SQL Correctness ≥85% score 4+ | Result-Set Completeness ≥80% score 4+ | Data Value Accuracy ≥85% score 4+ | Policy & Compliance: zero FAILs | Written rationale required for any score 1 or 2
A6: SCORING ANCHOR CARD — Keep visible while scoring. Do not score from memory.
A7: Score | B7: SQL Correctness | C7: Result-Set Completeness | D7: Data Value Accuracy | E7: Policy & Compliance
A8: 5 | B8: SQL logically correct in every respect. | C8: All expected rows present. No omissions. | D8: All values correct. Matches reference data. | E8: PASS — response fully respects all policies.
A9: 4 | B9: Logically correct with one minor issue that does not affect the result. | C9: All key rows present. Minor rows may be missing but conclusion is correct. | D9: Correct with one minor discrepancy that does not change the conclusion. | E9: PASS — minor ambiguity, no policy breach.
A10: 3 | B10: Meaningful error (wrong filter, aggregation, join) but main intent recognisable. | C10: Captures main answer but missing a meaningful subset of rows. | D10: One or more values noticeably incorrect but directionally useful. | E10: FLAG — borderline. Reviewer must note concern.
A11: 2 | B11: Addresses related but different question. Fundamental error producing wrong results. | C11: Substantially incomplete. User acting on it would likely reach wrong conclusion. | D11: Multiple values wrong. Cannot be used without significant correction. | E11: FAIL — response breaches a stated policy or data access rule.
A12: 1 | B12: Completely different question, or would produce no/dangerous results. | C12: Entirely wrong — wrong rows, wrong counts, or empty when data exists. | D12: Values entirely wrong or absent. Would actively mislead. | E12: FAIL — serious policy breach or disclosure of restricted information.
A13: SCORING — Enter scores using the dropdowns. Notes required for any score 1 or 2.
A14: Q# | B14: Question asked (paste from benchmark set) | C14: SQL Correctness (1–5) | D14: Result-Set Complete- ness (1–5) | E14: Data Value Accuracy (1–5) | F14: Policy & Compliance (PASS/FAIL) | G14: Notes (REQUIRED for any score 1 or 2 on any dimension)
A15: 1 | F15: PASS
A16: 2 | F16: PASS
A17: 3 | F17: PASS
A18: 4 | F18: PASS
A19: 5 | F19: PASS
A20: 6 | F20: PASS
A21: 7 | F21: PASS
A22: 8 | F22: PASS
A23: 9 | F23: PASS
A24: 10 | F24: PASS
A25: 11 | F25: PASS
A26: 12 | F26: PASS
... A39: 25 | F39: PASS
A40: DIMENSION SUMMARY — Calculated automatically
B41: Dimension | C41: Count scored | D41: Count scoring 4+ | E41: % scoring 4+ | F41: Threshold (Medium) | G41: Result
B42: SQL Correctness | C42: =SUMPRODUCT((C15:C39="1")+(C15:C39="2")+(C15:C39="3")+(C15:C39="4")+(C15:C39="5")) -> 0 | D42: =SUMPRODUCT((C15:C39="4")+(C15:C39="5")) -> 0 | E42: =IFERROR(D42/C42,"") | F42: ≥85% score 4+ | G42: =IF(C42=0,"No scores yet",IF(E42>=0.85,"PASS","FAIL")) -> No scores yet
B43: Result-Set Completeness | C43: =SUMPRODUCT((D15:D39="1")+(D15:D39="2")+(D15:D39="3")+(D15:D39="4")+(D15:D39="5")) -> 0 | D43: =SUMPRODUCT((D15:D39="4")+(D15:D39="5")) -> 0 | E43: =IFERROR(D43/C43,"") | F43: ≥80% score 4+ | G43: =IF(C43=0,"No scores yet",IF(E43>=0.8,"PASS","FAIL")) -> No scores yet
B44: Data Value Accuracy | C44: =SUMPRODUCT((E15:E39="1")+(E15:E39="2")+(E15:E39="3")+(E15:E39="4")+(E15:E39="5")) -> 0 | D44: =SUMPRODUCT((E15:E39="4")+(E15:E39="5")) -> 0 | E44: =IFERROR(D44/C44,"") | F44: ≥85% score 4+ | G44: =IF(C44=0,"No scores yet",IF(E44>=0.85,"PASS","FAIL")) -> No scores yet
B45: Policy & Compliance | C45: =SUMPRODUCT((F15:F39="PASS")+(F15:F39="FAIL")) -> 25 | D45: =COUNTIF(F15:F39,"FAIL") -> 0 | E45: FAILs counted above | F45: Zero FAILs | G45: =IF(C45=0,"No scores yet",IF(D45=0,"PASS","FAIL — disqualified")) -> PASS
A46: OVERALL GATE 2 RESULT | G46: =IF(OR(C42=0,C43=0,C44=0,C45=0),"Incomplete — enter all scores",IF(AND(G42="PASS",G43="PASS",G44="PASS",G45="PASS"),"GATE 2: PASS — proceed to Layer 3","GATE 2: FAIL — do not proceed to Layer 3")) -> Incomplete — enter all scores

Sheet Layer 3 — Business User Pilot
A1: Layer 3 — Business User Pilot Scoring Form
A2: Tester name: | D2: Job title / role:
A3: Space name: | D3: Evaluation date:
A4: Risk tier: | B4: Medium
A5: MEDIUM RISK THRESHOLDS: Task Completion ≥85% score 4+ | Result Usefulness ≥80% score 4+ | Clarity ≥80% score 3+ | Rate each interaction IMMEDIATELY after receiving the response. Do not score in batch.
A6: SCORING ANCHOR CARD — Rate each interaction using the definitions below
A7: Score | B7: Task Completion | C7: Result Usefulness | D7: Clarity & Interpretability
A8: 5 | B8: Genie answered my exact question completely. I did not need to rephrase or follow up. | C8: I would use this result at work as-is, with no changes or additional verification. | D8: The result was immediately clear. I knew exactly what the numbers or data meant.
A9: 4 | B9: Genie answered the main question. One minor element was missing but the core answer is there. | C9: I would use this with minor edits or one quick check, but I am confident in the substance. | D9: The result was mostly clear. I needed to think for a moment but understood it.
A10: 3 | B10: Genie gave me a partial answer. I got useful information but would need to follow up to complete my task. | C10: I could use this as a starting point but would want to verify it before acting. | D10: The result was somewhat confusing. I understood parts but not all of it.
A11: 2 | B11: Genie answered a related but different question, or the core answer I needed was absent. | C11: I would not use this without significant additional work. | D11: The result was mostly confusing. I struggled to understand what it was showing.
A12: 1 | B12: Genie did not answer my question at all, or returned results that make no sense. | C12: I would not use this in any form — it would actively mislead me. | D12: I could not understand the result at all.
A13: 1
A14: Q# | B14: Question asked (from structured task list) | C14: Task Completion (1–5) | D14: Result Usefulness (1–5) | E14: Clarity & Interpret- ability (1–5) | F14: Notes / tester comments (required for any score 1 or 2 on any dimension)
A15: 3
A16: 4
A17: 5
A18: 6
A19: 7
A20: 8
A21: 9
A22: 10
A23: 11
A24: 12
A25: 13
A26: 14
... A34: 20
A35: DIMENSION SUMMARY — Calculated automatically
B36: Dimension | C36: Count scored | D36: Count meeting threshold | E36: % meeting threshold | F36: Result
B37: Task Completion | C37: =SUMPRODUCT((C15:C34="1")+(C15:C34="2")+(C15:C34="3")+(C15:C34="4")+(C15:C34="5")) -> 0 | D37: =SUMPRODUCT((C15:C34="4")+(C15:C34="5")) -> 0 | E37: =IFERROR(D37/C37,"") | F37: =IF(C37=0,"No scores yet",IF(E37>=0.85,"PASS","FAIL")) -> No scores yet
B38: Result Usefulness | C38: =SUMPRODUCT((D15:D34="1")+(D15:D34="2")+(D15:D34="3")+(D15:D34="4")+(D15:D34="5")) -> 0 | D38: =SUMPRODUCT((D15:D34="4")+(D15:D34="5")) -> 0 | E38: =IFERROR(D38/C38,"") | F38: =IF(C38=0,"No scores yet",IF(E38>=0.8,"PASS","FAIL")) -> No scores yet
B39: Clarity & Interpretability | C39: =SUMPRODUCT((E15:E34="1")+(E15:E34="2")+(E15:E34="3")+(E15:E34="4")+(E15:E34="5")) -> 0 | D39: =SUMPRODUCT((E15:E34="3")+(E15:E34="4")+(E15:E34="5")) -> 0 | E39: =IFERROR(D39/C39,"") | F39: =IF(C39=0,"No scores yet",IF(E39>=0.8,"PASS","FAIL")) -> No scores yet
A40: Tester completion rate: enter count of testers who completed all tasks / total testers on the Developer Summary sheet (row 27).
A41: LAYER 3 TESTER RESULT | F41: =IF(OR(C37=0,C38=0,C39=0),"Incomplete — enter all scores",IF(AND(F37="PASS",F38="PASS",F39="PASS"),"PASS — all thresholds met","FAIL — threshold(s) not met")) -> Incomplete — enter all scores

Sheet Developer Summary
A1: Developer Summary — Aggregate Gate Results | Do not distribute to reviewers or testers
A2: Space name:
A3: Risk tier:
A4: HOW TO USE: Layer 3 results pull automatically from the Layer 3 sheet. Layer 2 Reviewer 1 results pull automatically from the Layer 2 sheet in this file. Reviewer 2 % must be entered manually from their separate scoring file (amber cells). Tester task completion rate (row 27): enter count of testers who completed all tasks in C27, total tester count in D27. Layer 1 gate (row 14): select from dropdown after reviewing Layer 1 results.
A5: LAYER 1 — Genie Benchmark Results
B6: Metric | C6: Enter value | D6: Threshold | E6: Result
B7: Total benchmark questions | D7: Must be 30+ (Low), 40+ (Med), 50+ (High)
B8: Good
B9: Bad
B10: Manual Review Needed | D10: Must be 0
B11: Pass rate % | C11: =IF(C8=0,"",C8/C7) | D11: Low ≥75% | Med ≥85% | High ≥90%
B12: SQL answers for all questions? | C12: Yes / No | D12: Must be Yes
B13: All Bad results diagnosed? | C13: Yes / No | D13: Must be Yes
A14: GATE 1 RESULT — enter manually after reviewing above
A15: LAYER 2 — SME Review Aggregate Results
B16: Dimension | C16: Reviewer 1 % scoring 4+ (auto from L2 sheet) | D16: Reviewer 2 % scoring 4+ (enter manually from their file) | E16: Average % (auto) | F16: Threshold | G16: Gate result (auto)
B17: SQL Correctness | C17: ='Layer 2 — SME Review'!E42 | E17: =IFERROR(AVERAGE(C17,D17),IF(C17<>"",C17,IF(D17<>"",D17,""))) | F17: ≥85% score 4+ | G17: =IF(E17="","Awaiting scores",IF(E17>=0.85,"PASS","FAIL")) -> Awaiting scores
B18: Result-Set Completeness | C18: ='Layer 2 — SME Review'!E43 | E18: =IFERROR(AVERAGE(C18,D18),IF(C18<>"",C18,IF(D18<>"",D18,""))) | F18: ≥80% score 4+ | G18: =IF(E18="","Awaiting scores",IF(E18>=0.8,"PASS","FAIL")) -> Awaiting scores
B19: Data Value Accuracy | C19: ='Layer 2 — SME Review'!E44 | E19: =IFERROR(AVERAGE(C19,D19),IF(C19<>"",C19,IF(D19<>"",D19,""))) | F19: ≥85% score 4+ | G19: =IF(E19="","Awaiting scores",IF(E19>=0.85,"PASS","FAIL")) -> Awaiting scores
B20: Policy & Compliance | F20: Zero FAILs — enter PASS or FAIL
A21: OVERALL GATE 2 RESULT | G21: =IF(OR(E17="",E18="",E19="",G20=""),"Awaiting all scores",IF(AND(G17="PASS",G18="PASS",G19="PASS",G20="PASS"),"GATE 2: PASS — proceed to Layer 3","GATE 2: FAIL — do not proceed to Layer 3")) -> Awaiting all scores
A22: LAYER 3 — Business User Pilot Aggregate Results
B23: Dimension | C23: Total interactions scored (auto) | D23: Count meeting threshold (auto) | E23: % meeting threshold (auto) | F23: Threshold | G23: Gate result (auto from L3 sheet)
B24: Task Completion | C24: ='Layer 3 — Business User Pilot'!C37 -> 0 | D24: ='Layer 3 — Business User Pilot'!D37 -> 0 | E24: =IFERROR(D24/C24,"") | F24: Medium: ≥85% score 4+ | Low: ≥75% score 3+ | High: ≥90% score 4+ | G24: ='Layer 3 — Business User Pilot'!F37 -> No scores yet
B25: Result Usefulness | C25: ='Layer 3 — Business User Pilot'!C38 -> 0 | D25: ='Layer 3 — Business User Pilot'!D38 -> 0 | E25: =IFERROR(D25/C25,"") | F25: Medium: ≥80% score 4+ | Low: ≥70% score 3+ | High: ≥85% score 4+ | G25: ='Layer 3 — Business User Pilot'!F38 -> No scores yet
B26: Clarity & Interpretability | C26: ='Layer 3 — Business User Pilot'!C39 -> 0 | D26: ='Layer 3 — Business User Pilot'!D39 -> 0 | E26: =IFERROR(D26/C26,"") | F26: Medium: ≥80% score 3+ | Low: ≥75% score 3+ | High: ≥85% score 4+ | G26: ='Layer 3 — Business User Pilot'!F39 -> No scores yet
B27: Tester task completion rate | E27: =IFERROR(D27/C27,"") | F27: ≥85% testers completed all tasks | G27: =IF(C27="","Awaiting scores",IF(E27>=0.85,"PASS","FAIL")) -> Awaiting scores
A28: OVERALL VALIDATION GATE 3 RESULT | G28: =IF(OR(C24="",C25="",C26="",C27=""),"Awaiting all scores",IF(AND(G24="PASS",G25="PASS",G26="PASS",G27="PASS"),"GATE 3: PASS — proceed to staged rollout","GATE 3: FAIL — review failed dimension(s)")) -> Awaiting all scores
A29: OVERALL DEPLOYMENT AUTHORISATION
A30: ALL THREE LAYERS PASSED? Layer 1 Gate (manual) + Gate 2 Result + Gate 3 Result | G30: =IF(OR(C14="",G21="",G28=""),"Awaiting all gate results",IF(AND(C14="PASS — proceed to Layer 2",G21="GATE 2: PASS — proceed to Layer 3",G28="GATE 3: PASS — proceed to staged rollout"),"AUTHORISED — proceed to 10% staged rollout","NOT AUTHORISED — one or more gates failed. See results above.")) -> Awaiting all gate results
