Workbook

Sheet Setup
A3: LAYER 3 PILOT — DEVELOPER AGGREGATION WORKBOOK
A6: SETUP — Complete this sheet before entering any scores
A8: This workbook aggregates Layer 3 tester scoresheets into a single results summary. Complete the fields below, then navigate to the Scores sheet to enter responses collected from each tester's completed scoresheet. The Results sheet will automatically calculate score distributions and pass/fail determinations based on the risk tier you select here. Important: The Risk Tier selection drives all threshold calculations in the Results sheet. Set it correctly before entering any scores. It should match the risk tier documented in the space charter and approved by the Director's office.
A13: SPACE DETAILS
B14: Space Name:
B15: Developer / Project Lead:
B16: Evaluation Date:
B17: Layer 1 Pass Rate (%):
B18: Layer 2 Outcome:
A20: RISK TIER SELECTION — This drives all threshold calculations
B21: Risk Tier: | C21: Medium
A23: ▶ Once Setup is complete, go to the Scores sheet to enter tester data.

Sheet Scores
A1: SCORES — Enter one row per tester per question
A3: Transcribe scores from each completed tester scoresheet. Add one row per question per tester. The table expands automatically as you add rows — type directly into the next empty row below the last entry. Tester Name must be filled in on every row (no blanks). Scores must be whole numbers 1–5. Comments are optional but recommended where scores are low.
A6: Tester Name | B6: Question # | C6: Task Completion (TC) | D6: Result Usefulness (RU) | E6: Clarity & Interpretability (CI) | F6: Comments

Sheet Results
A1: LAYER 3 RESULTS — Score Distributions & Threshold Checks
A3: All calculations update automatically when scores are added to the Scores sheet. Risk tier thresholds are driven by the selection on the Setup sheet.
A5: ACTIVE SETTINGS
B6: Risk Tier (from Setup): | C6: =Setup!$C$21
A8: TESTER TASK COMPLETION RATE
B9: Metric | C9: Value | D9: Threshold | E9: Floor Met?
B10: Unique testers detected: | C10: =IFERROR(SUMPRODUCT(1/COUNTIF(ScoreData[Tester Name],ScoreData[Tester Name])),0)
B11: Total interactions entered: | C11: =IFERROR(COUNTA(ScoreData[Task Completion (TC)]),0)
B12: Expected interactions (testers × 20): | C12: =IFERROR(Results!C10*20,0)
B13: Tester task completion rate: | C13: =IFERROR(Results!C11/Results!C12,"No data") | D13: =IFS(Setup!$C$21="Low",85%,Setup!$C$21="Medium",90%,Setup!$C$21="High",95%) | E13: =IFERROR(IF(Results!C13>=Results!D13,"PASS","FAIL"),"No data")
B14: Note: If completion rate is below threshold, Layer 3 data is invalid and the pilot must be repeated.
A16: SCORE DISTRIBUTIONS BY DIMENSION
C17: Task Completion (TC) | D17: Result Usefulness (RU) | E17: Clarity & Interpretability (CI)
B18: Total interactions scored: | C18: =IFERROR(COUNTA(ScoreData[Task Completion (TC)]),0) | D18: =IFERROR(COUNTA(ScoreData[Result Usefulness (RU)]),0) | E18: =IFERROR(COUNTA(ScoreData[Clarity & Interpretability (CI)]),0)
B19: Score 5 — Excellent | C19: =IFERROR(COUNTIF(ScoreData[Task Completion (TC)],5),0) | D19: =IFERROR(COUNTIF(ScoreData[Result Usefulness (RU)],5),0) | E19: =IFERROR(COUNTIF(ScoreData[Clarity & Interpretability (CI)],5),0)
B20: Score 4 — Good | C20: =IFERROR(COUNTIF(ScoreData[Task Completion (TC)],4),0) | D20: =IFERROR(COUNTIF(ScoreData[Result Usefulness (RU)],4),0) | E20: =IFERROR(COUNTIF(ScoreData[Clarity & Interpretability (CI)],4),0)
B21: Score 3 — Partial | C21: =IFERROR(COUNTIF(ScoreData[Task Completion (TC)],3),0) | D21: =IFERROR(COUNTIF(ScoreData[Result Usefulness (RU)],3),0) | E21: =IFERROR(COUNTIF(ScoreData[Clarity & Interpretability (CI)],3),0)
B22: Score 2 — Poor | C22: =IFERROR(COUNTIF(ScoreData[Task Completion (TC)],2),0) | D22: =IFERROR(COUNTIF(ScoreData[Result Usefulness (RU)],2),0) | E22: =IFERROR(COUNTIF(ScoreData[Clarity & Interpretability (CI)],2),0)
B23: Score 1 — Fail | C23: =IFERROR(COUNTIF(ScoreData[Task Completion (TC)],1),0) | D23: =IFERROR(COUNTIF(ScoreData[Result Usefulness (RU)],1),0) | E23: =IFERROR(COUNTIF(ScoreData[Clarity & Interpretability (CI)],1),0)
B24: % scoring 5 | C24: =IFERROR(Results!C19/Results!C18,"—") | D24: =IFERROR(Results!D19/Results!D18,"—") | E24: =IFERROR(Results!E19/Results!E18,"—")
B25: % scoring 4 | C25: =IFERROR(Results!C20/Results!C18,"—") | D25: =IFERROR(Results!D20/Results!D18,"—") | E25: =IFERROR(Results!E20/Results!E18,"—")
B26: % scoring 3 | C26: =IFERROR(Results!C21/Results!C18,"—") | D26: =IFERROR(Results!D21/Results!D18,"—") | E26: =IFERROR(Results!E21/Results!E18,"—")
B27: % scoring 2 | C27: =IFERROR(Results!C22/Results!C18,"—") | D27: =IFERROR(Results!D22/Results!D18,"—") | E27: =IFERROR(Results!E22/Results!E18,"—")
B28: % scoring 1 | C28: =IFERROR(Results!C23/Results!C18,"—") | D28: =IFERROR(Results!D23/Results!D18,"—") | E28: =IFERROR(Results!E23/Results!E18,"—")
B29: ✓ Sanity check (counts should sum to total): | C29: =IF((Results!C19+Results!C20+Results!C21+Results!C22+Results!C23)=Results!C18,"✓ OK","⚠ CHECK") | D29: =IF((Results!D19+Results!D20+Results!D21+Results!D22+Results!D23)=Results!D18,"✓ OK","⚠ CHECK") | E29: =IF((Results!E19+Results!E20+Results!E21+Results!E22+Results!E23)=Results!E18,"✓ OK","⚠ CHECK")
A31: THRESHOLD CHECKS — PASS / FAIL BY DIMENSION
B32: Dimension | C32: Floor Score (from Risk Tier) | D32: % at Floor+ | E32: Required Threshold | F32: Result
B33: Task Completion (TC) | C33: =IFS(Setup!$C$21="Low",3,Setup!$C$21="Medium",4,Setup!$C$21="High",4) | D33: =IFERROR(IFERROR(COUNTIF(ScoreData[Task Completion (TC)],">="&Results!C33),0)/Results!C18,"No data") | E33: =IFS(Setup!$C$21="Low",75%,Setup!$C$21="Medium",85%,Setup!$C$21="High",90%) | F33: =IFERROR(IF(Results!D33>=Results!E33,"PASS","FAIL"),"No data")
B34: Result Usefulness (RU) | C34: =IFS(Setup!$C$21="Low",3,Setup!$C$21="Medium",4,Setup!$C$21="High",4) | D34: =IFERROR(IFERROR(COUNTIF(ScoreData[Result Usefulness (RU)],">="&Results!C34),0)/Results!D18,"No data") | E34: =IFS(Setup!$C$21="Low",70%,Setup!$C$21="Medium",80%,Setup!$C$21="High",85%) | F34: =IFERROR(IF(Results!D34>=Results!E34,"PASS","FAIL"),"No data")
B35: Clarity & Interpretability (CI) | C35: =IFS(Setup!$C$21="Low",3,Setup!$C$21="Medium",3,Setup!$C$21="High",4) | D35: =IFERROR(IFERROR(COUNTIF(ScoreData[Clarity & Interpretability (CI)],">="&Results!C35),0)/Results!E18,"No data") | E35: =IFS(Setup!$C$21="Low",75%,Setup!$C$21="Medium",80%,Setup!$C$21="High",85%) | F35: =IFERROR(IF(Results!D35>=Results!E35,"PASS","FAIL"),"No data")
A37: OVERALL LAYER 3 GATE DETERMINATION
B38: Layer 3 Gate: | C38: =IFERROR(IF(AND(Results!F33="PASS",Results!F34="PASS",Results!F35="PASS",Results!E13="PASS"),"ALL GATES PASSED","ONE OR MORE GATES FAILED"),"No data")
B39: Note: Layer 3 gate PASS requires all three dimension thresholds met AND tester completion rate at threshold. A PASS here does not override a Layer 2 disqualification.
A41: THRESHOLD REFERENCE — Active values by risk tier
B42: Dimension | C42: Low — Floor / Threshold | D42: Medium — Floor / Threshold | E42: High — Floor / Threshold
B43: Task Completion (TC) | C43: Score 3+ / 75% | D43: Score 4+ / 85% | E43: Score 4+ / 90%
B44: Result Usefulness (RU) | C44: Score 3+ / 70% | D44: Score 4+ / 80% | E44: Score 4+ / 85%
B45: Clarity & Interpretability (CI) | C45: Score 3+ / 75% | D45: Score 3+ / 80% | E45: Score 4+ / 85%
B46: Tester Completion Rate | C46: ≥ 85% | D46: ≥ 90% | E46: ≥ 95%
B47: Source: ODAE Databricks Genie Space Evaluation Standards, Appendix A.5
