Workbook

Sheet Instructions
B1: LAYER 3 — USER PREFERENCE TESTING SCORING SHEET
B2: Chatbot Evaluation Framework | Internal Use | May 2026
B5: PURPOSE | C5: This spreadsheet is for end-user testers evaluating chatbot responses in Layer 3 of the evaluation framework. You will test both bots on separate days and rate your experience using a structured task list.
B6: YOUR ROLE | C6: You are evaluating end-user experience only — how useful, clear, and appropriate the responses felt to you as someone who would use this tool in your job. You are NOT being asked to judge technical accuracy, policy compliance, or legal appropriateness. Those are assessed by specialist reviewers in Layer 2.
B8: SESSION STRUCTURE | C8: You will complete two sessions — one for Bot A and one for Bot B. There must be at least 24 hours between sessions to reduce anchoring. The evaluation lead will tell you which bot to test first. Half of testers test A→B, the other half test B→A.
B9: SESSION A | C9: Complete the SESSION A tab to score Bot A. Work through all tasks in order before any free exploration. Rate each interaction IMMEDIATELY after receiving the response — do not wait until the end of the session.
B10: SESSION B | C10: Complete the SESSION B tab to score Bot B. Treat it as a fresh evaluation. Try not to let your Session A experience shape how you approach Session B.
B11: OVERALL PREFERENCE | C11: Only complete the OVERALL PREFERENCE section in the Summary tab AFTER finishing both sessions completely. Do not form or record a preference before then.
B13: WHAT TO RATE
B14: Task Completion | C14: Did the bot actually solve your problem? Rate whether it fully completed what you were trying to do — not whether it gave you a long answer.
B15: Relevance | C15: Did the response address your actual question? Did it answer what you asked, not something related but different?
B16: Clarity & Conciseness | C16: Was the answer easy to understand and appropriately sized? Was it too long, too short, or hard to follow?
B17: Tone & Professionalism | C17: Was the response appropriate for a workplace context? Did it feel professional, respectful, and suitable?
B19: SCORING SCALE
B20: 5 — Excellent | C20: Fully meets expectations. No issues. Exactly what you needed.
B21: 4 — Good | C21: Mostly met expectations with one minor issue that did not significantly affect usefulness.
B22: 3 — Partial | C22: Partially useful but missing something meaningful. You would need to follow up or rephrase.
B23: 2 — Poor | C23: Largely unhelpful. Did not address your actual need, or was confusing or off-target.
B24: 1 — Fail | C24: Completely unhelpful, irrelevant, or inappropriate. Provide a written note.
B26: IMPORTANT RULES
B27: Do NOT discuss ratings | C27: Do not discuss your scores with other testers during or after your sessions. Individual experience is what matters — group consensus corrupts the data.
B28: Do NOT try to identify bots | C28: Bots are labelled Bot A and Bot B only. If you think you recognise a product, flag it to the evaluation lead rather than factoring it into your ratings.
B29: Do NOT rate outside your domain | C29: Only score tasks relevant to your own role. If a task involves subject matter you would normally escalate to another team, write SKIP and flag it to the evaluation lead.
B30: Do NOT penalise appropriate refusals | C30: If a bot declines to answer something it reasonably should not — such as confidential data requests or policy violations — that is correct behaviour, not a failure. Rate it based on how clearly it explained why it could not help.
B31: Rate helpfulness over style | C31: A friendly but unhelpful response is worse than a direct and useful one. Rate based on whether it actually solved your problem.

Sheet Session A — Bot A
B1: SESSION A — Scoring Bot A
B2: Tester name: Date: Session order (circle): A → B (you are doing Bot A first)
B3: Work through ALL tasks in order before any free exploration. Rate each interaction IMMEDIATELY after receiving the response — do not wait until the end. If a task is outside your job domain, write SKIP in the Notes column and flag it to the evaluation lead.
B4: # | C4: Task (use your own words when prompting) | D4: Did the bot complete your task? (Yes / Partially / No) | E4: Task Completion 1–5 | F4: Relevance 1–5 | G4: Clarity & Conciseness 1–5 | H4: Tone & Professionalism 1–5 | I4: Notes / FLAG / SKIP (required for any score of 1)
B5: 1 | C5: Summarise the key points of our expense reimbursement policy
B6: 2 | C6: Explain the process for requesting annual leave
B7: 3 | C7: What is the policy on working from home more than 3 days per week?
B8: 4 | C8: How do I raise a formal grievance about a colleague?
B9: 5 | C9: What training is available for new managers?
B10: 6 | C10: Explain what counts as a conflict of interest under company policy
B11: 7 | C11: How do I report a health and safety concern?
B12: 8 | C12: What are the steps to onboard a new team member?
B13: 9 | C13: Summarise the data protection rules for handling customer information
B14: 10 | C14: What is the procedure if I need to take emergency leave?
B15: 11 | C15: How do I request access to a restricted system?
B16: 12 | C16: What support is available for employees experiencing mental health challenges?
... B24: 20 | C24: [Free choice — ask something relevant to your role]
B25: Tasks 1–15: structured task list. Tasks 16–20: free choice — use these to probe edge cases, ambiguous questions, or scenarios specific to your role that are not covered above.
B27: Overall session rating for Bot A (1–5): | E27: Rate your overall experience of this bot across the full session — not just one task.
B29: Session averages (auto-calculated): | E29: Avg Task Completion | F29: Avg Relevance | G29: Avg Clarity | H29: Avg Tone
E30: =IFERROR(AVERAGEIF(E5:E24,">=1"),"-") -> - | F30: =IFERROR(AVERAGEIF(F5:F24,">=1"),"-") -> - | G30: =IFERROR(AVERAGEIF(G5:G24,">=1"),"-") -> - | H30: =IFERROR(AVERAGEIF(H5:H24,">=1"),"-") -> -

Sheet Session B — Bot B
B1: SESSION B — Scoring Bot B
B2: Tester name: Date: Session order (circle): B → A (you are doing Bot B first)
B3: Work through ALL tasks in order before any free exploration. Rate each interaction IMMEDIATELY after receiving the response — do not wait until the end. If a task is outside your job domain, write SKIP in the Notes column and flag it to the evaluation lead.
B4: # | C4: Task (use your own words when prompting) | D4: Did the bot complete your task? (Yes / Partially / No) | E4: Task Completion 1–5 | F4: Relevance 1–5 | G4: Clarity & Conciseness 1–5 | H4: Tone & Professionalism 1–5 | I4: Notes / FLAG / SKIP (required for any score of 1)
B5: 1 | C5: Summarise the key points of our expense reimbursement policy
B6: 2 | C6: Explain the process for requesting annual leave
B7: 3 | C7: What is the policy on working from home more than 3 days per week?
B8: 4 | C8: How do I raise a formal grievance about a colleague?
B9: 5 | C9: What training is available for new managers?
B10: 6 | C10: Explain what counts as a conflict of interest under company policy
B11: 7 | C11: How do I report a health and safety concern?
B12: 8 | C12: What are the steps to onboard a new team member?
B13: 9 | C13: Summarise the data protection rules for handling customer information
B14: 10 | C14: What is the procedure if I need to take emergency leave?
B15: 11 | C15: How do I request access to a restricted system?
B16: 12 | C16: What support is available for employees experiencing mental health challenges?
... B24: 20 | C24: [Free choice — ask something relevant to your role]
B25: Tasks 1–15: structured task list. Tasks 16–20: free choice — use these to probe edge cases, ambiguous questions, or scenarios specific to your role that are not covered above.
B27: Overall session rating for Bot B (1–5): | E27: Rate your overall experience of this bot across the full session — not just one task.
B29: Session averages (auto-calculated): | E29: Avg Task Completion | F29: Avg Relevance | G29: Avg Clarity | H29: Avg Tone
E30: =IFERROR(AVERAGEIF(E5:E24,">=1"),"-") -> - | F30: =IFERROR(AVERAGEIF(F5:F24,">=1"),"-") -> - | G30: =IFERROR(AVERAGEIF(G5:G24,">=1"),"-") -> - | H30: =IFERROR(AVERAGEIF(H5:H24,">=1"),"-") -> -

Sheet Summary
B1: SUMMARY — Layer 3 User Preference Results
B2: This summary auto-calculates from Session A and Session B tabs. Complete BOTH session tabs fully before reviewing this summary. Only complete the Overall Preference section AFTER finishing both sessions.
B4: DIMENSION AVERAGES AND THRESHOLD STATUS — Medium Risk
B5: Dimension | C5: L3 Weight | D5: Bot A Avg (Session A) | E5: Bot B Avg (Session B) | F5: Medium Risk Threshold | G5: Status
B6: Task Completion | C6: 44% | D6: ='Session A — Bot A'!E29 -> Avg Task Completion | E6: ='Session B — Bot B'!E29 -> Avg Task Completion | F6: 85% score 4+ (Hard threshold) | G6: =IFERROR(IF(AND(D6>=0.85*5,E6>=0.85*5),"✓ Both pass",IF(D6<0.85*5,"⚠ Bot A below threshold","⚠ Bot B below threshold")),"-") -> ✓ Both pass
B7: Relevance | C7: 22% | D7: ='Session A — Bot A'!F29 -> Avg Relevance | E7: ='Session B — Bot B'!F29 -> Avg Relevance | F7: 80% score 3+ (Soft floor) | G7: =IFERROR(IF(AND(D7>=0.8*5,E7>=0.8*5),"✓ Both pass",IF(D7<0.8*5,"⚠ Bot A below threshold","⚠ Bot B below threshold")),"-") -> ✓ Both pass
B8: Clarity & Conciseness | C8: 22% | D8: ='Session A — Bot A'!G29 -> Avg Clarity | E8: ='Session B — Bot B'!G29 -> Avg Clarity | F8: 80% score 3+ (Soft floor) | G8: =IFERROR(IF(AND(D8>=0.8*5,E8>=0.8*5),"✓ Both pass",IF(D8<0.8*5,"⚠ Bot A below threshold","⚠ Bot B below threshold")),"-") -> ✓ Both pass
B9: Tone & Professionalism | C9: 12% | D9: ='Session A — Bot A'!H29 -> Avg Tone | E9: ='Session B — Bot B'!H29 -> Avg Tone | F9: 80% score 3+ (Soft floor) | G9: =IFERROR(IF(AND(D9>=0.8*5,E9>=0.8*5),"✓ Both pass",IF(D9<0.8*5,"⚠ Bot A below threshold","⚠ Bot B below threshold")),"-") -> ✓ Both pass
B12: LAYER 3 WEIGHTED SCORECARD (applies only if both bots cleared all thresholds)
B13: Dimension | C13: L3 Weight | D13: Bot A Avg | E13: Bot A Weighted | F13: Bot B Avg | G13: Bot B Weighted
B14: Task Completion | C14: 44% | D14: =D6 -> Avg Task Completion | E14: =IFERROR(D14*0.44,"-") -> - | F14: =E6 -> Avg Task Completion | G14: =IFERROR(F14*0.44,"-") -> -
B15: Relevance | C15: 22% | D15: =D7 -> Avg Relevance | E15: =IFERROR(D15*0.22,"-") -> - | F15: =E7 -> Avg Relevance | G15: =IFERROR(F15*0.22,"-") -> -
B16: Clarity & Conciseness | C16: 22% | D16: =D8 -> Avg Clarity | E16: =IFERROR(D16*0.22,"-") -> - | F16: =E8 -> Avg Clarity | G16: =IFERROR(F16*0.22,"-") -> -
B17: Tone & Professionalism | C17: 12% | D17: =D9 -> Avg Tone | E17: =IFERROR(D17*0.12,"-") -> - | F17: =E9 -> Avg Tone | G17: =IFERROR(F17*0.12,"-") -> -
B18: TOTAL LAYER 3 SCORE | C18: 100% | D18: =IFERROR(SUM(D14:D17),"-") -> 0 | E18: =IFERROR(SUM(E14:E17),"-") -> 0 | F18: =IFERROR(SUM(F14:F17),"-") -> 0 | G18: =IFERROR(SUM(G14:G17),"-") -> 0
B19: Layer 3 Margin (Bot A − Bot B) ÷ 5.0 × 100 | E19: =IFERROR((E18-G18)/5*100,"-") -> 0 | F19: =IFERROR(IF(ABS((E18-G18)/5*100)<=5,"⚠ Too close to call — review individually",IF(E18>G18,"Bot A wins Layer 3","Bot B wins Layer 3")),"-") -> ⚠ Too close to call — review individually
B21: OVERALL PREFERENCE — Complete ONLY after both sessions are fully finished
B22: Do not record an overall preference until you have completed all tasks in both Session A and Session B. Forming a preference mid-session biases your per-task ratings.
B23: Overall, which bot better met your needs?
B24: Which bot was easier to understand?
B25: Which bot felt more appropriate for work?
B26: Which bot would you prefer to use daily?
B27: Any overall comments (optional):
B34: Your individual preference data will be aggregated across all testers. Do not share your responses with other testers before the evaluation is complete.
